Calendar_Year,Agriculture Year,Agriculture_Year_Anchor,Coconut_Area_Hectare,Coconut_Production_MillionUnit,Coconut_Productivity_DeclaredMillionUnit_per_Hectare,Coconut_Productivity_Unit,Coconut_Productivity_Formula
1955,1955-56,start,447952,3099,0.006918151944851234,declared million unit per hectare,Production Million Unit / Area Hectare
1956,1956-57,start,459733,3132,0.006812649951167308,declared million unit per hectare,Production Million Unit / Area Hectare
1957,1957-58,start,463282,3199,0.006905081570188352,declared million unit per hectare,Production Million Unit / Area Hectare
1958,1958-59,start,475690,3248,0.006827976202989342,declared million unit per hectare,Production Million Unit / Area Hectare
1959,1959-60,start,492550,3365,0.0068317937265252255,declared million unit per hectare,Production Million Unit / Area Hectare
1960,1960-61,start,500769,3220,0.006430110490066278,declared million unit per hectare,Production Million Unit / Area Hectare
1961,1961-62,start,504829,3247,0.006431880894322632,declared million unit per hectare,Production Million Unit / Area Hectare
1962,1962-63,start,539270,3305,0.006128655404528344,declared million unit per hectare,Production Million Unit / Area Hectare
1963,1963-64,start,544896,3262,0.005986463471928588,declared million unit per hectare,Production Million Unit / Area Hectare
1964,1964-65,start,558991,3278,0.00586413734747071,declared million unit per hectare,Production Million Unit / Area Hectare
1965,1965-66,start,586313,3293,0.005616454010059473,declared million unit per hectare,Production Million Unit / Area Hectare
1966,1966-67,start,609600,3425,0.005618438320209974,declared million unit per hectare,Production Million Unit / Area Hectare
1967,1967-68,start,638700,3593,0.005625489275090026,declared million unit per hectare,Production Million Unit / Area Hectare
1968,1968-69,start,686100,3834,0.0055881066899868825,declared million unit per hectare,Production Million Unit / Area Hectare
1969,1969-70,start,707800,3956,0.005589149477253461,declared million unit per hectare,Production Million Unit / Area Hectare
1970,1970-71,start,719100,3981,0.005536086775135586,declared million unit per hectare,Production Million Unit / Area Hectare
1971,1971-72,start,730300,4054,0.005551143365740107,declared million unit per hectare,Production Million Unit / Area Hectare
1972,1972-73,start,745400,3921,0.005260262946069225,declared million unit per hectare,Production Million Unit / Area Hectare
1973,1973-74,start,744300,3703,0.004975144431009002,declared million unit per hectare,Production Million Unit / Area Hectare
1974,1974-75,start,748200,3719,0.004970596097300187,declared million unit per hectare,Production Million Unit / Area Hectare
1975,1975-76,start,693000,3439,0.0049624819624819625,declared million unit per hectare,Production Million Unit / Area Hectare
1976,1976-77,start,694985,3343,0.004810175759189047,declared million unit per hectare,Production Million Unit / Area Hectare
1977,1977-78,start,699119,3367,0.004816061357222447,declared million unit per hectare,Production Million Unit / Area Hectare
1978,1978-79,start,660628,3211,0.004860526650399317,declared million unit per hectare,Production Million Unit / Area Hectare
1979,1979-80,start,662657,3032,0.004575519461803014,declared million unit per hectare,Production Million Unit / Area Hectare
1980,1980-81,start,651370,3008,0.004617959070881373,declared million unit per hectare,Production Million Unit / Area Hectare
1981,1981-82,start,666618,3006,0.004509329181030215,declared million unit per hectare,Production Million Unit / Area Hectare
1982,1982-83,start,674378,3184,0.004721387708377201,declared million unit per hectare,Production Million Unit / Area Hectare
1983,1983-84,start,682281,2602,0.003813677942079583,declared million unit per hectare,Production Million Unit / Area Hectare
1984,1984-85,start,687483,3453,0.005022669651467746,declared million unit per hectare,Production Million Unit / Area Hectare
1985,1985-86,start,704682,3377,0.004792232524741657,declared million unit per hectare,Production Million Unit / Area Hectare
1986,1986-87,start,706107,3173,0.004493653228193461,declared million unit per hectare,Production Million Unit / Area Hectare
1987,1987-88,start,775365,3346,0.0043153869467928005,declared million unit per hectare,Production Million Unit / Area Hectare
1988,1988-89,start,816880,4215,0.005159876603662717,declared million unit per hectare,Production Million Unit / Area Hectare
1989,1989-90,start,832174,4358,0.005236885555184373,declared million unit per hectare,Production Million Unit / Area Hectare
1990,1990-91,start,870022,4232,0.004864244812200151,declared million unit per hectare,Production Million Unit / Area Hectare
1991,1991-92,start,863061,4641,0.005377371935471537,declared million unit per hectare,Production Million Unit / Area Hectare
1992,1992-93,start,877012,5124,0.005842565438101189,declared million unit per hectare,Production Million Unit / Area Hectare
1993,1993-94,start,882293,5192,0.005884666431672925,declared million unit per hectare,Production Million Unit / Area Hectare
1994,1994-95,start,910960,5336,0.005857556863089488,declared million unit per hectare,Production Million Unit / Area Hectare
1995,1995-96,start,914370,5155,0.00563776151885998,declared million unit per hectare,Production Million Unit / Area Hectare
1996,1996-97,start,902104,5276,0.005848549612904942,declared million unit per hectare,Production Million Unit / Area Hectare
1997,1997-98,start,884344,5209,0.005890241806355898,declared million unit per hectare,Production Million Unit / Area Hectare
1998,1998-99,start,882288,5132,0.0058166947754021365,declared million unit per hectare,Production Million Unit / Area Hectare
1999,1999-00,start,925035,5680,0.006140308204554423,declared million unit per hectare,Production Million Unit / Area Hectare
2000,2000-01,start,925783,5536,0.005979803042397624,declared million unit per hectare,Production Million Unit / Area Hectare
2001,2001-02,start,905718,5479,0.006049344277137034,declared million unit per hectare,Production Million Unit / Area Hectare
2002,2002-03,start,899198,5709,0.006348990989748643,declared million unit per hectare,Production Million Unit / Area Hectare
2003,2003-04,start,898498,5876,0.006539803093607331,declared million unit per hectare,Production Million Unit / Area Hectare
2004,2004-05,start,899267,6001,0.006673212738819505,declared million unit per hectare,Production Million Unit / Area Hectare
2005,2005-06,start,897833,6326,0.007045853738946998,declared million unit per hectare,Production Million Unit / Area Hectare
2006,2006-07,start,872943,6054,0.00693516071496077,declared million unit per hectare,Production Million Unit / Area Hectare
2007,2007-08,start,818812,5641,0.006889249302648227,declared million unit per hectare,Production Million Unit / Area Hectare
2008,2008-09,start,787769,5802,0.007365103221883573,declared million unit per hectare,Production Million Unit / Area Hectare
2009,2009-10,start,778618,5667,0.0072782802349804394,declared million unit per hectare,Production Million Unit / Area Hectare
2010,2010-11,start,770473,5287,0.006862018526281907,declared million unit per hectare,Production Million Unit / Area Hectare
2011,2011-12,start,820867,5941,0.007237469650990964,declared million unit per hectare,Production Million Unit / Area Hectare
2012,2012-13,start,798162,5799,0.007265442353807873,declared million unit per hectare,Production Million Unit / Area Hectare
2013,2013-14,start,808647,5921,0.00732210717408214,declared million unit per hectare,Production Million Unit / Area Hectare
2014,2014-15,start,793856,5947,0.007491283053853596,declared million unit per hectare,Production Million Unit / Area Hectare
2015,2015-16,start,790223,5873,0.007432079299134548,declared million unit per hectare,Production Million Unit / Area Hectare
2016,2016-17,start,781496,5384,0.006889350681257486,declared million unit per hectare,Production Million Unit / Area Hectare
2017,2017-18,start,760443,5230,0.006877570047985187,declared million unit per hectare,Production Million Unit / Area Hectare
2018,2018-19,start,760946,5299,0.0069637004465494265,declared million unit per hectare,Production Million Unit / Area Hectare
2019,2019-20,start,760776,4814,0.006327749560974584,declared million unit per hectare,Production Million Unit / Area Hectare
2020,2020-21,start,768809,4788,0.006227814710805935,declared million unit per hectare,Production Million Unit / Area Hectare
2021,2021-22,start,765435,5535,0.007231182268905916,declared million unit per hectare,Production Million Unit / Area Hectare
