,Coconut_Productivity_DeclaredMillionUnit_per_Hectare,Coconut_Productivity_DeclaredMillionUnit_per_Hectare_Lag1,T2M_Jun_Sep_Mean_Lag1,T2M_MIN_Jun_Sep_Mean_Lag1,ALLSKY_SFC_SW_DWN_Jan_Feb_Total_Lag3,WS10M_Mar_May_Mean_Lag1,RH2M_Mar_May_Mean_Lag3,PRECTOTCORR_Mar_May_Total_Lag3,T2M_MAX_Jun_Sep_Mean_Lag2
Coconut_Productivity_DeclaredMillionUnit_per_Hectare,1.0,0.9149530371405138,0.6007405453339019,0.5157935081851429,0.5428143782879149,-0.48996071304025496,0.49145830712240196,0.44602166030979257,0.41760109446032057
Coconut_Productivity_DeclaredMillionUnit_per_Hectare_Lag1,0.9149530371405138,1.0,0.539503062193938,0.41717483561799573,0.47745456256318825,-0.5759866865436452,0.3755670997621705,0.35206930302778594,0.3399507699569536
T2M_Jun_Sep_Mean_Lag1,0.6007405453339019,0.539503062193938,1.0,0.7219723021961749,0.25038775811969477,-0.6272938164923936,0.46239574262653754,0.2968593095676024,0.26061192438907055
T2M_MIN_Jun_Sep_Mean_Lag1,0.5157935081851429,0.41717483561799573,0.7219723021961749,1.0,0.0514931764912257,-0.5032433255677716,0.36704807869811,0.1828139969784295,0.2023847258207894
ALLSKY_SFC_SW_DWN_Jan_Feb_Total_Lag3,0.5428143782879149,0.47745456256318825,0.25038775811969477,0.0514931764912257,1.0,-0.24156232808915654,0.223915789634968,0.3873586857142869,0.13264536653839348
WS10M_Mar_May_Mean_Lag1,-0.48996071304025496,-0.5759866865436452,-0.6272938164923936,-0.5032433255677716,-0.24156232808915654,1.0,-0.3463180765975668,-0.2177509862319939,-0.2384514119188054
RH2M_Mar_May_Mean_Lag3,0.49145830712240196,0.3755670997621705,0.46239574262653754,0.36704807869811,0.223915789634968,-0.3463180765975668,1.0,0.7173122851527498,0.1124768012893856
PRECTOTCORR_Mar_May_Total_Lag3,0.44602166030979257,0.35206930302778594,0.2968593095676024,0.1828139969784295,0.3873586857142869,-0.2177509862319939,0.7173122851527498,1.0,0.25989959378434246
T2M_MAX_Jun_Sep_Mean_Lag2,0.41760109446032057,0.3399507699569536,0.26061192438907055,0.2023847258207894,0.13264536653839348,-0.2384514119188054,0.1124768012893856,0.25989959378434246,1.0
