Feature,Lag_Years,Convention,Paired_Sample_Size,Temporal_Availability,Pearson_Correlation,Pearson_PValue,Spearman_Correlation,Spearman_PValue,FDR_PValue,Candidate_Lag,Selection_Rule,Original_Parameter,Dynamic_Selected,Dynamic_Selection_Rule
T2M_Jun_Sep_Mean,1,T2M_Jun_Sep_Mean(t-1) -> Coconut_Productivity_DeclaredMillionUnit_per_Hectare(t),40,previous-year information,0.6007405453339055,4.1583139626455713e-05,0.5679174484052534,0.00013222939558784084,0.002618095119920038,True,"Lag > 0, paired n >= 30, and Benjamini-Hochberg FDR-adjusted Pearson p < 0.1; requires review for temporal/agricultural plausibility.",T2M,True,"Among screened candidates: lowest FDR/p-value lag per original NASA parameter, capped at 7; not a final predictor decision."
T2M_Jun_Sep_Mean,2,T2M_Jun_Sep_Mean(t-2) -> Coconut_Productivity_DeclaredMillionUnit_per_Hectare(t),39,previous-year information,0.6022362129333685,4.9868478474667396e-05,0.5657894736842106,0.00017422052125726624,0.002618095119920038,True,"Lag > 0, paired n >= 30, and Benjamini-Hochberg FDR-adjusted Pearson p < 0.1; requires review for temporal/agricultural plausibility.",T2M,False,"Among screened candidates: lowest FDR/p-value lag per original NASA parameter, capped at 7; not a final predictor decision."
T2M_Jun_Sep_Mean,3,T2M_Jun_Sep_Mean(t-3) -> Coconut_Productivity_DeclaredMillionUnit_per_Hectare(t),38,previous-year information,0.5318435663994802,0.0005895024234588349,0.5290513185250026,0.0006377695456014922,0.01583743905144934,True,"Lag > 0, paired n >= 30, and Benjamini-Hochberg FDR-adjusted Pearson p < 0.1; requires review for temporal/agricultural plausibility.",T2M,False,"Among screened candidates: lowest FDR/p-value lag per original NASA parameter, capped at 7; not a final predictor decision."
T2M_MIN_Jun_Sep_Mean,1,T2M_MIN_Jun_Sep_Mean(t-1) -> Coconut_Productivity_DeclaredMillionUnit_per_Hectare(t),40,previous-year information,0.5157935081851405,0.0006581228329332737,0.4474671669793622,0.0037909256999272617,0.01583743905144934,True,"Lag > 0, paired n >= 30, and Benjamini-Hochberg FDR-adjusted Pearson p < 0.1; requires review for temporal/agricultural plausibility.",T2M_MIN,True,"Among screened candidates: lowest FDR/p-value lag per original NASA parameter, capped at 7; not a final predictor decision."
ALLSKY_SFC_SW_DWN_Jan_Feb_Total,3,ALLSKY_SFC_SW_DWN_Jan_Feb_Total(t-3) -> Coconut_Productivity_DeclaredMillionUnit_per_Hectare(t),35,previous-year information,0.5428143782879172,0.0007541637643547304,0.48263305322128847,0.003320536265979489,0.01583743905144934,True,"Lag > 0, paired n >= 30, and Benjamini-Hochberg FDR-adjusted Pearson p < 0.1; requires review for temporal/agricultural plausibility.",ALLSKY_SFC_SW_DWN,True,"Among screened candidates: lowest FDR/p-value lag per original NASA parameter, capped at 7; not a final predictor decision."
ALLSKY_SFC_SW_DWN_Annual_Total,1,ALLSKY_SFC_SW_DWN_Annual_Total(t-1) -> Coconut_Productivity_DeclaredMillionUnit_per_Hectare(t),37,previous-year information,-0.5134178387726851,0.0011548143521437535,-0.4850640113798008,0.00234372126542263,0.017474727804929154,True,"Lag > 0, paired n >= 30, and Benjamini-Hochberg FDR-adjusted Pearson p < 0.1; requires review for temporal/agricultural plausibility.",ALLSKY_SFC_SW_DWN,False,"Among screened candidates: lowest FDR/p-value lag per original NASA parameter, capped at 7; not a final predictor decision."
ALLSKY_SFC_SW_DWN_Jan_Feb_Total,1,ALLSKY_SFC_SW_DWN_Jan_Feb_Total(t-1) -> Coconut_Productivity_DeclaredMillionUnit_per_Hectare(t),37,previous-year information,0.512219864854681,0.0011913493094038849,0.48696064485538165,0.0022394968763561635,0.017474727804929154,True,"Lag > 0, paired n >= 30, and Benjamini-Hochberg FDR-adjusted Pearson p < 0.1; requires review for temporal/agricultural plausibility.",ALLSKY_SFC_SW_DWN,False,"Among screened candidates: lowest FDR/p-value lag per original NASA parameter, capped at 7; not a final predictor decision."
WS10M_Mar_May_Mean,1,WS10M_Mar_May_Mean(t-1) -> Coconut_Productivity_DeclaredMillionUnit_per_Hectare(t),40,previous-year information,-0.4899607130402545,0.001331407832756507,-0.5181988742964354,0.0006145670670610841,0.017474727804929154,True,"Lag > 0, paired n >= 30, and Benjamini-Hochberg FDR-adjusted Pearson p < 0.1; requires review for temporal/agricultural plausibility.",WS10M,True,"Among screened candidates: lowest FDR/p-value lag per original NASA parameter, capped at 7; not a final predictor decision."
RH2M_Mar_May_Mean,3,RH2M_Mar_May_Mean(t-3) -> Coconut_Productivity_DeclaredMillionUnit_per_Hectare(t),38,previous-year information,0.4914583071224008,0.001727877918659,0.4938177043440201,0.0016284404760560278,0.020158575717688334,True,"Lag > 0, paired n >= 30, and Benjamini-Hochberg FDR-adjusted Pearson p < 0.1; requires review for temporal/agricultural plausibility.",RH2M,True,"Among screened candidates: lowest FDR/p-value lag per original NASA parameter, capped at 7; not a final predictor decision."
WS10M_Jun_Sep_Mean,1,WS10M_Jun_Sep_Mean(t-1) -> Coconut_Productivity_DeclaredMillionUnit_per_Hectare(t),40,previous-year information,-0.4689213286700733,0.0022725159179240186,-0.4953095684803002,0.001155853252295574,0.023861417138202196,True,"Lag > 0, paired n >= 30, and Benjamini-Hochberg FDR-adjusted Pearson p < 0.1; requires review for temporal/agricultural plausibility.",WS10M,False,"Among screened candidates: lowest FDR/p-value lag per original NASA parameter, capped at 7; not a final predictor decision."
ALLSKY_SFC_SW_DWN_Jan_Feb_Total,2,ALLSKY_SFC_SW_DWN_Jan_Feb_Total(t-2) -> Coconut_Productivity_DeclaredMillionUnit_per_Hectare(t),36,previous-year information,0.47992540864686006,0.003055817669418147,0.4710424710424711,0.003735950685618144,0.025503295433910333,True,"Lag > 0, paired n >= 30, and Benjamini-Hochberg FDR-adjusted Pearson p < 0.1; requires review for temporal/agricultural plausibility.",ALLSKY_SFC_SW_DWN,False,"Among screened candidates: lowest FDR/p-value lag per original NASA parameter, capped at 7; not a final predictor decision."
ALLSKY_SFC_SW_DWN_Oct_Dec_Total,1,ALLSKY_SFC_SW_DWN_Oct_Dec_Total(t-1) -> Coconut_Productivity_DeclaredMillionUnit_per_Hectare(t),37,previous-year information,-0.47102418638097054,0.003256322356611213,-0.4217638691322902,0.009322462106982645,0.025503295433910333,True,"Lag > 0, paired n >= 30, and Benjamini-Hochberg FDR-adjusted Pearson p < 0.1; requires review for temporal/agricultural plausibility.",ALLSKY_SFC_SW_DWN,False,"Among screened candidates: lowest FDR/p-value lag per original NASA parameter, capped at 7; not a final predictor decision."
ALLSKY_SFC_SW_DWN_Mar_May_Total,3,ALLSKY_SFC_SW_DWN_Mar_May_Total(t-3) -> Coconut_Productivity_DeclaredMillionUnit_per_Hectare(t),35,previous-year information,-0.47863447951846316,0.0036307660919488068,-0.5184873949579831,0.001418723856902948,0.025503295433910333,True,"Lag > 0, paired n >= 30, and Benjamini-Hochberg FDR-adjusted Pearson p < 0.1; requires review for temporal/agricultural plausibility.",ALLSKY_SFC_SW_DWN,False,"Among screened candidates: lowest FDR/p-value lag per original NASA parameter, capped at 7; not a final predictor decision."
ALLSKY_SFC_SW_DWN_Annual_Total,2,ALLSKY_SFC_SW_DWN_Annual_Total(t-2) -> Coconut_Productivity_DeclaredMillionUnit_per_Hectare(t),36,previous-year information,-0.4701987927602369,0.003806900317975648,-0.4314028314028315,0.008614156639988095,0.025503295433910333,True,"Lag > 0, paired n >= 30, and Benjamini-Hochberg FDR-adjusted Pearson p < 0.1; requires review for temporal/agricultural plausibility.",ALLSKY_SFC_SW_DWN,False,"Among screened candidates: lowest FDR/p-value lag per original NASA parameter, capped at 7; not a final predictor decision."
T2M_MIN_Jun_Sep_Mean,2,T2M_MIN_Jun_Sep_Mean(t-2) -> Coconut_Productivity_DeclaredMillionUnit_per_Hectare(t),39,previous-year information,0.449585168355292,0.004086890517624034,0.35121457489878544,0.028354643542845982,0.025503295433910333,True,"Lag > 0, paired n >= 30, and Benjamini-Hochberg FDR-adjusted Pearson p < 0.1; requires review for temporal/agricultural plausibility.",T2M_MIN,False,"Among screened candidates: lowest FDR/p-value lag per original NASA parameter, capped at 7; not a final predictor decision."
WS10M_Mar_May_Mean,3,WS10M_Mar_May_Mean(t-3) -> Coconut_Productivity_DeclaredMillionUnit_per_Hectare(t),38,previous-year information,-0.45358517071956905,0.004234953936510276,-0.4863770653244337,0.0019603553281197033,0.025503295433910333,True,"Lag > 0, paired n >= 30, and Benjamini-Hochberg FDR-adjusted Pearson p < 0.1; requires review for temporal/agricultural plausibility.",WS10M,False,"Among screened candidates: lowest FDR/p-value lag per original NASA parameter, capped at 7; not a final predictor decision."
WS10M_Annual_Mean,1,WS10M_Annual_Mean(t-1) -> Coconut_Productivity_DeclaredMillionUnit_per_Hectare(t),40,previous-year information,-0.4419406226301542,0.004302694922057028,-0.4808630393996248,0.0016846669824329191,0.025503295433910333,True,"Lag > 0, paired n >= 30, and Benjamini-Hochberg FDR-adjusted Pearson p < 0.1; requires review for temporal/agricultural plausibility.",WS10M,False,"Among screened candidates: lowest FDR/p-value lag per original NASA parameter, capped at 7; not a final predictor decision."
ALLSKY_SFC_SW_DWN_Annual_Total,3,ALLSKY_SFC_SW_DWN_Annual_Total(t-3) -> Coconut_Productivity_DeclaredMillionUnit_per_Hectare(t),35,previous-year information,-0.47016311798611043,0.004371993502956057,-0.4442577030812326,0.007504146252230147,0.025503295433910333,True,"Lag > 0, paired n >= 30, and Benjamini-Hochberg FDR-adjusted Pearson p < 0.1; requires review for temporal/agricultural plausibility.",ALLSKY_SFC_SW_DWN,False,"Among screened candidates: lowest FDR/p-value lag per original NASA parameter, capped at 7; not a final predictor decision."
PRECTOTCORR_Mar_May_Total,3,PRECTOTCORR_Mar_May_Total(t-3) -> Coconut_Productivity_DeclaredMillionUnit_per_Hectare(t),38,previous-year information,0.44602166030979257,0.005006163182044083,0.4128460444249918,0.009995407296690855,0.026865991189437645,True,"Lag > 0, paired n >= 30, and Benjamini-Hochberg FDR-adjusted Pearson p < 0.1; requires review for temporal/agricultural plausibility.",PRECTOTCORR,True,"Among screened candidates: lowest FDR/p-value lag per original NASA parameter, capped at 7; not a final predictor decision."
RH2M_Annual_Mean,1,RH2M_Annual_Mean(t-1) -> Coconut_Productivity_DeclaredMillionUnit_per_Hectare(t),40,previous-year information,0.4342238981435166,0.00511733165513098,0.39962476547842407,0.010626695415459988,0.026865991189437645,True,"Lag > 0, paired n >= 30, and Benjamini-Hochberg FDR-adjusted Pearson p < 0.1; requires review for temporal/agricultural plausibility.",RH2M,False,"Among screened candidates: lowest FDR/p-value lag per original NASA parameter, capped at 7; not a final predictor decision."
RH2M_Annual_Mean,3,RH2M_Annual_Mean(t-3) -> Coconut_Productivity_DeclaredMillionUnit_per_Hectare(t),38,previous-year information,0.43909875141850263,0.005815736198517859,0.4386694386694387,0.005869462028320958,0.02907868099258929,True,"Lag > 0, paired n >= 30, and Benjamini-Hochberg FDR-adjusted Pearson p < 0.1; requires review for temporal/agricultural plausibility.",RH2M,False,"Among screened candidates: lowest FDR/p-value lag per original NASA parameter, capped at 7; not a final predictor decision."
WS10M_Mar_May_Mean,2,WS10M_Mar_May_Mean(t-2) -> Coconut_Productivity_DeclaredMillionUnit_per_Hectare(t),39,previous-year information,-0.42429661205837454,0.007101925537407921,-0.4451417004048583,0.004517163016262728,0.03348287577053973,True,"Lag > 0, paired n >= 30, and Benjamini-Hochberg FDR-adjusted Pearson p < 0.1; requires review for temporal/agricultural plausibility.",WS10M,False,"Among screened candidates: lowest FDR/p-value lag per original NASA parameter, capped at 7; not a final predictor decision."
ALLSKY_SFC_SW_DWN_Oct_Dec_Total,2,ALLSKY_SFC_SW_DWN_Oct_Dec_Total(t-2) -> Coconut_Productivity_DeclaredMillionUnit_per_Hectare(t),36,previous-year information,-0.43450869970966893,0.008096185041011028,-0.3238095238095239,0.05403509103697602,0.03348287577053973,True,"Lag > 0, paired n >= 30, and Benjamini-Hochberg FDR-adjusted Pearson p < 0.1; requires review for temporal/agricultural plausibility.",ALLSKY_SFC_SW_DWN,False,"Among screened candidates: lowest FDR/p-value lag per original NASA parameter, capped at 7; not a final predictor decision."
T2M_MAX_Jun_Sep_Mean,2,T2M_MAX_Jun_Sep_Mean(t-2) -> Coconut_Productivity_DeclaredMillionUnit_per_Hectare(t),39,previous-year information,0.4176010944603197,0.008165506872330882,0.3222672064777328,0.045412367429643365,0.03348287577053973,True,"Lag > 0, paired n >= 30, and Benjamini-Hochberg FDR-adjusted Pearson p < 0.1; requires review for temporal/agricultural plausibility.",T2M_MAX,True,"Among screened candidates: lowest FDR/p-value lag per original NASA parameter, capped at 7; not a final predictor decision."
WS10M_Jun_Sep_Mean,2,WS10M_Jun_Sep_Mean(t-2) -> Coconut_Productivity_DeclaredMillionUnit_per_Hectare(t),39,previous-year information,-0.4169277735756051,0.008279656173407372,-0.469838056680162,0.002545924619458122,0.03348287577053973,True,"Lag > 0, paired n >= 30, and Benjamini-Hochberg FDR-adjusted Pearson p < 0.1; requires review for temporal/agricultural plausibility.",WS10M,False,"Among screened candidates: lowest FDR/p-value lag per original NASA parameter, capped at 7; not a final predictor decision."
ALLSKY_SFC_SW_DWN_Oct_Dec_Total,3,ALLSKY_SFC_SW_DWN_Oct_Dec_Total(t-3) -> Coconut_Productivity_DeclaredMillionUnit_per_Hectare(t),35,previous-year information,-0.4392540869254329,0.008290997809847933,-0.4126050420168067,0.013770015934038597,0.03348287577053973,True,"Lag > 0, paired n >= 30, and Benjamini-Hochberg FDR-adjusted Pearson p < 0.1; requires review for temporal/agricultural plausibility.",ALLSKY_SFC_SW_DWN,False,"Among screened candidates: lowest FDR/p-value lag per original NASA parameter, capped at 7; not a final predictor decision."
WS10M_Annual_Mean,3,WS10M_Annual_Mean(t-3) -> Coconut_Productivity_DeclaredMillionUnit_per_Hectare(t),38,previous-year information,-0.40147567131250095,0.012479293289733687,-0.4520188204398731,0.00438559531485515,0.04853058501563101,True,"Lag > 0, paired n >= 30, and Benjamini-Hochberg FDR-adjusted Pearson p < 0.1; requires review for temporal/agricultural plausibility.",WS10M,False,"Among screened candidates: lowest FDR/p-value lag per original NASA parameter, capped at 7; not a final predictor decision."
ALLSKY_SFC_SW_DWN_Mar_May_Total,1,ALLSKY_SFC_SW_DWN_Mar_May_Total(t-1) -> Coconut_Productivity_DeclaredMillionUnit_per_Hectare(t),37,previous-year information,-0.40466557362366185,0.012980923691141283,-0.4049312470365102,0.01291593927364573,0.04867846384177981,True,"Lag > 0, paired n >= 30, and Benjamini-Hochberg FDR-adjusted Pearson p < 0.1; requires review for temporal/agricultural plausibility.",ALLSKY_SFC_SW_DWN,False,"Among screened candidates: lowest FDR/p-value lag per original NASA parameter, capped at 7; not a final predictor decision."
RH2M_Mar_May_Mean,1,RH2M_Mar_May_Mean(t-1) -> Coconut_Productivity_DeclaredMillionUnit_per_Hectare(t),40,previous-year information,0.3852783659825549,0.014086389957424884,0.4118198874296436,0.00828342243845397,0.05100244639757285,True,"Lag > 0, paired n >= 30, and Benjamini-Hochberg FDR-adjusted Pearson p < 0.1; requires review for temporal/agricultural plausibility.",RH2M,False,"Among screened candidates: lowest FDR/p-value lag per original NASA parameter, capped at 7; not a final predictor decision."
T2M_MIN_Jun_Sep_Mean,3,T2M_MIN_Jun_Sep_Mean(t-3) -> Coconut_Productivity_DeclaredMillionUnit_per_Hectare(t),38,previous-year information,0.3828164056924702,0.01768423926972107,0.276288434183171,0.09312770552066622,0.06189483744402374,True,"Lag > 0, paired n >= 30, and Benjamini-Hochberg FDR-adjusted Pearson p < 0.1; requires review for temporal/agricultural plausibility.",T2M_MIN,False,"Among screened candidates: lowest FDR/p-value lag per original NASA parameter, capped at 7; not a final predictor decision."
WS10M_Jun_Sep_Mean,3,WS10M_Jun_Sep_Mean(t-3) -> Coconut_Productivity_DeclaredMillionUnit_per_Hectare(t),38,previous-year information,-0.3780407655292096,0.019276338608588087,-0.41065762118393695,0.010437637850301858,0.06343292991610348,True,"Lag > 0, paired n >= 30, and Benjamini-Hochberg FDR-adjusted Pearson p < 0.1; requires review for temporal/agricultural plausibility.",WS10M,False,"Among screened candidates: lowest FDR/p-value lag per original NASA parameter, capped at 7; not a final predictor decision."
PRECTOTCORR_Mar_May_Total,1,PRECTOTCORR_Mar_May_Total(t-1) -> Coconut_Productivity_DeclaredMillionUnit_per_Hectare(t),40,previous-year information,0.3684073203566364,0.01933194054586011,0.377110694183865,0.016451645965631586,0.06343292991610348,True,"Lag > 0, paired n >= 30, and Benjamini-Hochberg FDR-adjusted Pearson p < 0.1; requires review for temporal/agricultural plausibility.",PRECTOTCORR,False,"Among screened candidates: lowest FDR/p-value lag per original NASA parameter, capped at 7; not a final predictor decision."
WS10M_Annual_Mean,2,WS10M_Annual_Mean(t-2) -> Coconut_Productivity_DeclaredMillionUnit_per_Hectare(t),39,previous-year information,-0.36752916148758474,0.021348792536977603,-0.4267206477732794,0.006747432032694107,0.06792797625401965,True,"Lag > 0, paired n >= 30, and Benjamini-Hochberg FDR-adjusted Pearson p < 0.1; requires review for temporal/agricultural plausibility.",WS10M,False,"Among screened candidates: lowest FDR/p-value lag per original NASA parameter, capped at 7; not a final predictor decision."
T2M_MAX_Jun_Sep_Mean,1,T2M_MAX_Jun_Sep_Mean(t-1) -> Coconut_Productivity_DeclaredMillionUnit_per_Hectare(t),40,previous-year information,0.3585959255121548,0.023074430880980733,0.2938086303939963,0.06574860116983883,0.07125927183832285,True,"Lag > 0, paired n >= 30, and Benjamini-Hochberg FDR-adjusted Pearson p < 0.1; requires review for temporal/agricultural plausibility.",T2M_MAX,False,"Among screened candidates: lowest FDR/p-value lag per original NASA parameter, capped at 7; not a final predictor decision."
T2M_MIN_Annual_Mean,2,T2M_MIN_Annual_Mean(t-2) -> Coconut_Productivity_DeclaredMillionUnit_per_Hectare(t),39,previous-year information,0.35506120565873245,0.02655196649348376,0.3649797570850203,0.02233707035307569,0.07965589948045129,True,"Lag > 0, paired n >= 30, and Benjamini-Hochberg FDR-adjusted Pearson p < 0.1; requires review for temporal/agricultural plausibility.",T2M_MIN,False,"Among screened candidates: lowest FDR/p-value lag per original NASA parameter, capped at 7; not a final predictor decision."
RH2M_Mar_May_Mean,2,RH2M_Mar_May_Mean(t-2) -> Coconut_Productivity_DeclaredMillionUnit_per_Hectare(t),39,previous-year information,0.3398305953533861,0.034290365903584696,0.3435222672064777,0.03226320276701003,0.09948589697701155,True,"Lag > 0, paired n >= 30, and Benjamini-Hochberg FDR-adjusted Pearson p < 0.1; requires review for temporal/agricultural plausibility.",RH2M,False,"Among screened candidates: lowest FDR/p-value lag per original NASA parameter, capped at 7; not a final predictor decision."
ALLSKY_SFC_SW_DWN_Mar_May_Total,2,ALLSKY_SFC_SW_DWN_Mar_May_Total(t-2) -> Coconut_Productivity_DeclaredMillionUnit_per_Hectare(t),36,previous-year information,-0.352364065653881,0.03505693512523264,-0.3742599742599743,0.02452913469766856,0.09948589697701155,True,"Lag > 0, paired n >= 30, and Benjamini-Hochberg FDR-adjusted Pearson p < 0.1; requires review for temporal/agricultural plausibility.",ALLSKY_SFC_SW_DWN,False,"Among screened candidates: lowest FDR/p-value lag per original NASA parameter, capped at 7; not a final predictor decision."
PRECTOTCORR_Oct_Dec_Total,1,PRECTOTCORR_Oct_Dec_Total(t-1) -> Coconut_Productivity_DeclaredMillionUnit_per_Hectare(t),40,previous-year information,0.3302286290601258,0.03742444652848109,0.2577861163227017,0.10828305710602247,0.10340965488132933,False,"Lag > 0, paired n >= 30, and Benjamini-Hochberg FDR-adjusted Pearson p < 0.1; requires review for temporal/agricultural plausibility.",PRECTOTCORR,False,"Among screened candidates: lowest FDR/p-value lag per original NASA parameter, capped at 7; not a final predictor decision."
PRECTOTCORR_Mar_May_Total,2,PRECTOTCORR_Mar_May_Total(t-2) -> Coconut_Productivity_DeclaredMillionUnit_per_Hectare(t),39,previous-year information,0.3272024259962379,0.04202766048459057,0.297165991902834,0.06618477221254052,0.11110735586694236,False,"Lag > 0, paired n >= 30, and Benjamini-Hochberg FDR-adjusted Pearson p < 0.1; requires review for temporal/agricultural plausibility.",PRECTOTCORR,False,"Among screened candidates: lowest FDR/p-value lag per original NASA parameter, capped at 7; not a final predictor decision."
T2M_Annual_Mean,2,T2M_Annual_Mean(t-2) -> Coconut_Productivity_DeclaredMillionUnit_per_Hectare(t),39,previous-year information,0.32675381842715334,0.04232661175883518,0.2607287449392713,0.10890334834017504,0.11110735586694236,False,"Lag > 0, paired n >= 30, and Benjamini-Hochberg FDR-adjusted Pearson p < 0.1; requires review for temporal/agricultural plausibility.",T2M,False,"Among screened candidates: lowest FDR/p-value lag per original NASA parameter, capped at 7; not a final predictor decision."
PRECTOTCORR_Oct_Dec_Total,2,PRECTOTCORR_Oct_Dec_Total(t-2) -> Coconut_Productivity_DeclaredMillionUnit_per_Hectare(t),39,previous-year information,0.3093631100258701,0.05531136610520327,0.2562753036437247,0.11530348106470135,0.1394739338114985,False,"Lag > 0, paired n >= 30, and Benjamini-Hochberg FDR-adjusted Pearson p < 0.1; requires review for temporal/agricultural plausibility.",PRECTOTCORR,False,"Among screened candidates: lowest FDR/p-value lag per original NASA parameter, capped at 7; not a final predictor decision."
RH2M_Jun_Sep_Mean,1,RH2M_Jun_Sep_Mean(t-1) -> Coconut_Productivity_DeclaredMillionUnit_per_Hectare(t),40,previous-year information,0.30484503115313194,0.05578957352459941,0.2838649155722327,0.07588026107937416,0.1394739338114985,False,"Lag > 0, paired n >= 30, and Benjamini-Hochberg FDR-adjusted Pearson p < 0.1; requires review for temporal/agricultural plausibility.",RH2M,False,"Among screened candidates: lowest FDR/p-value lag per original NASA parameter, capped at 7; not a final predictor decision."
PRECTOTCORR_Oct_Dec_Total,3,PRECTOTCORR_Oct_Dec_Total(t-3) -> Coconut_Productivity_DeclaredMillionUnit_per_Hectare(t),38,previous-year information,0.30849713282346536,0.05950676475165636,0.2990480358901412,0.0681724476007028,0.1453072162540446,False,"Lag > 0, paired n >= 30, and Benjamini-Hochberg FDR-adjusted Pearson p < 0.1; requires review for temporal/agricultural plausibility.",PRECTOTCORR,False,"Among screened candidates: lowest FDR/p-value lag per original NASA parameter, capped at 7; not a final predictor decision."
RH2M_Annual_Mean,2,RH2M_Annual_Mean(t-2) -> Coconut_Productivity_DeclaredMillionUnit_per_Hectare(t),39,previous-year information,0.30165810984038716,0.06199918144562361,0.3,0.06351898530892273,0.14795259208614725,False,"Lag > 0, paired n >= 30, and Benjamini-Hochberg FDR-adjusted Pearson p < 0.1; requires review for temporal/agricultural plausibility.",RH2M,False,"Among screened candidates: lowest FDR/p-value lag per original NASA parameter, capped at 7; not a final predictor decision."
RH2M_Jun_Sep_Mean,3,RH2M_Jun_Sep_Mean(t-3) -> Coconut_Productivity_DeclaredMillionUnit_per_Hectare(t),38,previous-year information,0.30052883953557524,0.06675237828294064,0.1705875916402232,0.3058472959230628,0.1557555493268615,False,"Lag > 0, paired n >= 30, and Benjamini-Hochberg FDR-adjusted Pearson p < 0.1; requires review for temporal/agricultural plausibility.",RH2M,False,"Among screened candidates: lowest FDR/p-value lag per original NASA parameter, capped at 7; not a final predictor decision."
T2M_MIN_Annual_Mean,1,T2M_MIN_Annual_Mean(t-1) -> Coconut_Productivity_DeclaredMillionUnit_per_Hectare(t),40,previous-year information,0.29027091178039227,0.06922270660495279,0.2915572232645404,0.06794316234278668,0.15800835203304442,False,"Lag > 0, paired n >= 30, and Benjamini-Hochberg FDR-adjusted Pearson p < 0.1; requires review for temporal/agricultural plausibility.",T2M_MIN,False,"Among screened candidates: lowest FDR/p-value lag per original NASA parameter, capped at 7; not a final predictor decision."
T2M_MAX_Jun_Sep_Mean,3,T2M_MAX_Jun_Sep_Mean(t-3) -> Coconut_Productivity_DeclaredMillionUnit_per_Hectare(t),38,previous-year information,0.2882133903863737,0.07929914194521696,0.26928547981179557,0.10207112722729737,0.17715765753718682,False,"Lag > 0, paired n >= 30, and Benjamini-Hochberg FDR-adjusted Pearson p < 0.1; requires review for temporal/agricultural plausibility.",T2M_MAX,False,"Among screened candidates: lowest FDR/p-value lag per original NASA parameter, capped at 7; not a final predictor decision."
T2M_Annual_Mean,1,T2M_Annual_Mean(t-1) -> Coconut_Productivity_DeclaredMillionUnit_per_Hectare(t),40,previous-year information,0.271113290148703,0.09061627725674468,0.23339587242026272,0.14721980660744266,0.198223106499129,False,"Lag > 0, paired n >= 30, and Benjamini-Hochberg FDR-adjusted Pearson p < 0.1; requires review for temporal/agricultural plausibility.",T2M,False,"Among screened candidates: lowest FDR/p-value lag per original NASA parameter, capped at 7; not a final predictor decision."
RH2M_Oct_Dec_Mean,1,RH2M_Oct_Dec_Mean(t-1) -> Coconut_Productivity_DeclaredMillionUnit_per_Hectare(t),40,previous-year information,0.2680238431870122,0.09449874601799078,0.20844277673545966,0.1967951216129184,0.20249731289569453,False,"Lag > 0, paired n >= 30, and Benjamini-Hochberg FDR-adjusted Pearson p < 0.1; requires review for temporal/agricultural plausibility.",RH2M,False,"Among screened candidates: lowest FDR/p-value lag per original NASA parameter, capped at 7; not a final predictor decision."
T2M_MIN_Oct_Dec_Mean,2,T2M_MIN_Oct_Dec_Mean(t-2) -> Coconut_Productivity_DeclaredMillionUnit_per_Hectare(t),39,previous-year information,0.2577962970072986,0.11308651974562764,0.2589068825910931,0.111488208729451,0.23748169146581805,False,"Lag > 0, paired n >= 30, and Benjamini-Hochberg FDR-adjusted Pearson p < 0.1; requires review for temporal/agricultural plausibility.",T2M_MIN,False,"Among screened candidates: lowest FDR/p-value lag per original NASA parameter, capped at 7; not a final predictor decision."
PRECTOTCORR_Annual_Total,1,PRECTOTCORR_Annual_Total(t-1) -> Coconut_Productivity_DeclaredMillionUnit_per_Hectare(t),40,previous-year information,0.2524623334425488,0.11602932371807534,0.2611632270168856,0.103576966662933,0.23888390177250804,False,"Lag > 0, paired n >= 30, and Benjamini-Hochberg FDR-adjusted Pearson p < 0.1; requires review for temporal/agricultural plausibility.",PRECTOTCORR,False,"Among screened candidates: lowest FDR/p-value lag per original NASA parameter, capped at 7; not a final predictor decision."
ALLSKY_SFC_SW_DWN_Jun_Sep_Total,1,ALLSKY_SFC_SW_DWN_Jun_Sep_Total(t-1) -> Coconut_Productivity_DeclaredMillionUnit_per_Hectare(t),37,previous-year information,-0.2602301160252942,0.11982094401602801,-0.24703651019440492,0.14046938451178292,0.24194613695544118,False,"Lag > 0, paired n >= 30, and Benjamini-Hochberg FDR-adjusted Pearson p < 0.1; requires review for temporal/agricultural plausibility.",ALLSKY_SFC_SW_DWN,False,"Among screened candidates: lowest FDR/p-value lag per original NASA parameter, capped at 7; not a final predictor decision."
ALLSKY_SFC_SW_DWN_Jun_Sep_Total,2,ALLSKY_SFC_SW_DWN_Jun_Sep_Total(t-2) -> Coconut_Productivity_DeclaredMillionUnit_per_Hectare(t),36,previous-year information,-0.24965291150788796,0.1419902465787117,-0.24555984555984559,0.1488594813556354,0.2813014319012213,False,"Lag > 0, paired n >= 30, and Benjamini-Hochberg FDR-adjusted Pearson p < 0.1; requires review for temporal/agricultural plausibility.",ALLSKY_SFC_SW_DWN,False,"Among screened candidates: lowest FDR/p-value lag per original NASA parameter, capped at 7; not a final predictor decision."
PRECTOTCORR_Annual_Total,3,PRECTOTCORR_Annual_Total(t-3) -> Coconut_Productivity_DeclaredMillionUnit_per_Hectare(t),38,previous-year information,0.22370875610182583,0.17696766717531554,0.20494583652478388,0.21708342313202317,0.3441037972853358,False,"Lag > 0, paired n >= 30, and Benjamini-Hochberg FDR-adjusted Pearson p < 0.1; requires review for temporal/agricultural plausibility.",PRECTOTCORR,False,"Among screened candidates: lowest FDR/p-value lag per original NASA parameter, capped at 7; not a final predictor decision."
T2M_MAX_Oct_Dec_Mean,1,T2M_MAX_Oct_Dec_Mean(t-1) -> Coconut_Productivity_DeclaredMillionUnit_per_Hectare(t),40,previous-year information,-0.21195973083965883,0.18917645092064225,-0.19399624765478427,0.23034546098181544,0.36115504266668064,False,"Lag > 0, paired n >= 30, and Benjamini-Hochberg FDR-adjusted Pearson p < 0.1; requires review for temporal/agricultural plausibility.",T2M_MAX,False,"Among screened candidates: lowest FDR/p-value lag per original NASA parameter, capped at 7; not a final predictor decision."
ALLSKY_SFC_SW_DWN_Jun_Sep_Total,3,ALLSKY_SFC_SW_DWN_Jun_Sep_Total(t-3) -> Coconut_Productivity_DeclaredMillionUnit_per_Hectare(t),35,previous-year information,-0.2040883416693352,0.23960256547458017,-0.1450980392156863,0.40560610620546067,0.4492548102648378,False,"Lag > 0, paired n >= 30, and Benjamini-Hochberg FDR-adjusted Pearson p < 0.1; requires review for temporal/agricultural plausibility.",ALLSKY_SFC_SW_DWN,False,"Among screened candidates: lowest FDR/p-value lag per original NASA parameter, capped at 7; not a final predictor decision."
RH2M_Oct_Dec_Mean,2,RH2M_Oct_Dec_Mean(t-2) -> Coconut_Productivity_DeclaredMillionUnit_per_Hectare(t),39,previous-year information,0.1863272244458437,0.25606749955804803,0.1534412955465587,0.3510251296456146,0.46366947000812164,False,"Lag > 0, paired n >= 30, and Benjamini-Hochberg FDR-adjusted Pearson p < 0.1; requires review for temporal/agricultural plausibility.",RH2M,False,"Among screened candidates: lowest FDR/p-value lag per original NASA parameter, capped at 7; not a final predictor decision."
T2M_MAX_Mar_May_Mean,3,T2M_MAX_Mar_May_Mean(t-3) -> Coconut_Productivity_DeclaredMillionUnit_per_Hectare(t),38,previous-year information,-0.1861576952720596,0.2631251156303774,-0.2156691104059525,0.19345404067151603,0.46366947000812164,False,"Lag > 0, paired n >= 30, and Benjamini-Hochberg FDR-adjusted Pearson p < 0.1; requires review for temporal/agricultural plausibility.",T2M_MAX,False,"Among screened candidates: lowest FDR/p-value lag per original NASA parameter, capped at 7; not a final predictor decision."
WS10M_Jan_Feb_Mean,3,WS10M_Jan_Feb_Mean(t-3) -> Coconut_Productivity_DeclaredMillionUnit_per_Hectare(t),38,previous-year information,-0.18548391962326857,0.26488772159969487,-0.21654447970237445,0.19160837170307535,0.46366947000812164,False,"Lag > 0, paired n >= 30, and Benjamini-Hochberg FDR-adjusted Pearson p < 0.1; requires review for temporal/agricultural plausibility.",WS10M,False,"Among screened candidates: lowest FDR/p-value lag per original NASA parameter, capped at 7; not a final predictor decision."
RH2M_Oct_Dec_Mean,3,RH2M_Oct_Dec_Mean(t-3) -> Coconut_Productivity_DeclaredMillionUnit_per_Hectare(t),38,previous-year information,0.18545864832883557,0.2649539828617838,0.1635846372688478,0.32642067465654,0.46366947000812164,False,"Lag > 0, paired n >= 30, and Benjamini-Hochberg FDR-adjusted Pearson p < 0.1; requires review for temporal/agricultural plausibility.",RH2M,False,"Among screened candidates: lowest FDR/p-value lag per original NASA parameter, capped at 7; not a final predictor decision."
T2M_Jan_Feb_Mean,1,T2M_Jan_Feb_Mean(t-1) -> Coconut_Productivity_DeclaredMillionUnit_per_Hectare(t),40,previous-year information,0.17595693528742007,0.2774515612650823,0.20525328330206383,0.20388864778012022,0.4775805562759613,False,"Lag > 0, paired n >= 30, and Benjamini-Hochberg FDR-adjusted Pearson p < 0.1; requires review for temporal/agricultural plausibility.",T2M,False,"Among screened candidates: lowest FDR/p-value lag per original NASA parameter, capped at 7; not a final predictor decision."
PRECTOTCORR_Annual_Total,2,PRECTOTCORR_Annual_Total(t-2) -> Coconut_Productivity_DeclaredMillionUnit_per_Hectare(t),39,previous-year information,0.17407301373905074,0.28921983262146517,0.2182186234817814,0.18201192781398373,0.4898077810524813,False,"Lag > 0, paired n >= 30, and Benjamini-Hochberg FDR-adjusted Pearson p < 0.1; requires review for temporal/agricultural plausibility.",PRECTOTCORR,False,"Among screened candidates: lowest FDR/p-value lag per original NASA parameter, capped at 7; not a final predictor decision."
T2M_Oct_Dec_Mean,2,T2M_Oct_Dec_Mean(t-2) -> Coconut_Productivity_DeclaredMillionUnit_per_Hectare(t),39,previous-year information,0.16751256900294348,0.30805824519619573,0.16983805668016194,0.30129351677087235,0.5021446032873844,False,"Lag > 0, paired n >= 30, and Benjamini-Hochberg FDR-adjusted Pearson p < 0.1; requires review for temporal/agricultural plausibility.",T2M,False,"Among screened candidates: lowest FDR/p-value lag per original NASA parameter, capped at 7; not a final predictor decision."
T2M_Mar_May_Mean,3,T2M_Mar_May_Mean(t-3) -> Coconut_Productivity_DeclaredMillionUnit_per_Hectare(t),38,previous-year information,-0.16924024998303147,0.3097401051034604,-0.1806543385490754,0.2777497410834759,0.5021446032873844,False,"Lag > 0, paired n >= 30, and Benjamini-Hochberg FDR-adjusted Pearson p < 0.1; requires review for temporal/agricultural plausibility.",T2M,False,"Among screened candidates: lowest FDR/p-value lag per original NASA parameter, capped at 7; not a final predictor decision."
T2M_MIN_Annual_Mean,3,T2M_MIN_Annual_Mean(t-3) -> Coconut_Productivity_DeclaredMillionUnit_per_Hectare(t),38,previous-year information,0.16885758089685474,0.31085142108266656,0.20866615603457708,0.20867050197293077,0.5021446032873844,False,"Lag > 0, paired n >= 30, and Benjamini-Hochberg FDR-adjusted Pearson p < 0.1; requires review for temporal/agricultural plausibility.",T2M_MIN,False,"Among screened candidates: lowest FDR/p-value lag per original NASA parameter, capped at 7; not a final predictor decision."
T2M_Annual_Mean,3,T2M_Annual_Mean(t-3) -> Coconut_Productivity_DeclaredMillionUnit_per_Hectare(t),38,previous-year information,0.16610624288791245,0.31891568267298737,0.136885873727979,0.4125004636666806,0.5073658587979345,False,"Lag > 0, paired n >= 30, and Benjamini-Hochberg FDR-adjusted Pearson p < 0.1; requires review for temporal/agricultural plausibility.",T2M,False,"Among screened candidates: lowest FDR/p-value lag per original NASA parameter, capped at 7; not a final predictor decision."
RH2M_Jun_Sep_Mean,2,RH2M_Jun_Sep_Mean(t-2) -> Coconut_Productivity_DeclaredMillionUnit_per_Hectare(t),39,previous-year information,0.15799717093136664,0.3367324745917106,0.18744939271255065,0.2531637041862961,0.5277150721213375,False,"Lag > 0, paired n >= 30, and Benjamini-Hochberg FDR-adjusted Pearson p < 0.1; requires review for temporal/agricultural plausibility.",RH2M,False,"Among screened candidates: lowest FDR/p-value lag per original NASA parameter, capped at 7; not a final predictor decision."
T2M_Jan_Feb_Mean,2,T2M_Jan_Feb_Mean(t-2) -> Coconut_Productivity_DeclaredMillionUnit_per_Hectare(t),39,previous-year information,0.1512533574401409,0.3580181465433112,0.17348178137651823,0.2908863671134773,0.5528221380448187,False,"Lag > 0, paired n >= 30, and Benjamini-Hochberg FDR-adjusted Pearson p < 0.1; requires review for temporal/agricultural plausibility.",T2M,False,"Among screened candidates: lowest FDR/p-value lag per original NASA parameter, capped at 7; not a final predictor decision."
T2M_MIN_Mar_May_Mean,2,T2M_MIN_Mar_May_Mean(t-2) -> Coconut_Productivity_DeclaredMillionUnit_per_Hectare(t),39,previous-year information,0.14378210033546426,0.38252424800535045,0.2119433198380567,0.19521830392452302,0.5821021165298811,False,"Lag > 0, paired n >= 30, and Benjamini-Hochberg FDR-adjusted Pearson p < 0.1; requires review for temporal/agricultural plausibility.",T2M_MIN,False,"Among screened candidates: lowest FDR/p-value lag per original NASA parameter, capped at 7; not a final predictor decision."
T2M_MAX_Annual_Mean,2,T2M_MAX_Annual_Mean(t-2) -> Coconut_Productivity_DeclaredMillionUnit_per_Hectare(t),39,previous-year information,0.13852854135189918,0.4003313771217565,0.05890688259109312,0.7216803005172521,0.6004970656826347,False,"Lag > 0, paired n >= 30, and Benjamini-Hochberg FDR-adjusted Pearson p < 0.1; requires review for temporal/agricultural plausibility.",T2M_MAX,False,"Among screened candidates: lowest FDR/p-value lag per original NASA parameter, capped at 7; not a final predictor decision."
T2M_MIN_Mar_May_Mean,1,T2M_MIN_Mar_May_Mean(t-1) -> Coconut_Productivity_DeclaredMillionUnit_per_Hectare(t),40,previous-year information,0.12311659368848607,0.44913806059670525,0.14165103189493433,0.38327405392020075,0.6642182586289302,False,"Lag > 0, paired n >= 30, and Benjamini-Hochberg FDR-adjusted Pearson p < 0.1; requires review for temporal/agricultural plausibility.",T2M_MIN,False,"Among screened candidates: lowest FDR/p-value lag per original NASA parameter, capped at 7; not a final predictor decision."
PRECTOTCORR_Jan_Feb_Total,2,PRECTOTCORR_Jan_Feb_Total(t-2) -> Coconut_Productivity_DeclaredMillionUnit_per_Hectare(t),39,previous-year information,-0.11652365298636276,0.4799230589706371,0.15671188820909876,0.3407278097237014,0.6998877943321791,False,"Lag > 0, paired n >= 30, and Benjamini-Hochberg FDR-adjusted Pearson p < 0.1; requires review for temporal/agricultural plausibility.",PRECTOTCORR,False,"Among screened candidates: lowest FDR/p-value lag per original NASA parameter, capped at 7; not a final predictor decision."
T2M_MAX_Oct_Dec_Mean,3,T2M_MAX_Oct_Dec_Mean(t-3) -> Coconut_Productivity_DeclaredMillionUnit_per_Hectare(t),38,previous-year information,-0.11582607642733656,0.48863288629313484,-0.08261297734981946,0.6219468718896345,0.7028281241202625,False,"Lag > 0, paired n >= 30, and Benjamini-Hochberg FDR-adjusted Pearson p < 0.1; requires review for temporal/agricultural plausibility.",T2M_MAX,False,"Among screened candidates: lowest FDR/p-value lag per original NASA parameter, capped at 7; not a final predictor decision."
PRECTOTCORR_Jan_Feb_Total,1,PRECTOTCORR_Jan_Feb_Total(t-1) -> Coconut_Productivity_DeclaredMillionUnit_per_Hectare(t),40,previous-year information,-0.10523073428335539,0.5181294756621357,0.16419591206715783,0.31133310780886836,0.7351837154665439,False,"Lag > 0, paired n >= 30, and Benjamini-Hochberg FDR-adjusted Pearson p < 0.1; requires review for temporal/agricultural plausibility.",PRECTOTCORR,False,"Among screened candidates: lowest FDR/p-value lag per original NASA parameter, capped at 7; not a final predictor decision."
T2M_MIN_Jan_Feb_Mean,3,T2M_MIN_Jan_Feb_Mean(t-3) -> Coconut_Productivity_DeclaredMillionUnit_per_Hectare(t),38,previous-year information,-0.09744837371297513,0.5605442186574712,-0.08917824707298391,0.5944277989640232,0.7765383246484314,False,"Lag > 0, paired n >= 30, and Benjamini-Hochberg FDR-adjusted Pearson p < 0.1; requires review for temporal/agricultural plausibility.",T2M_MIN,False,"Among screened candidates: lowest FDR/p-value lag per original NASA parameter, capped at 7; not a final predictor decision."
WS10M_Oct_Dec_Mean,2,WS10M_Oct_Dec_Mean(t-2) -> Coconut_Productivity_DeclaredMillionUnit_per_Hectare(t),39,previous-year information,0.09524859544683766,0.5640825202783156,0.07732793522267206,0.6398541750304048,0.7765383246484314,False,"Lag > 0, paired n >= 30, and Benjamini-Hochberg FDR-adjusted Pearson p < 0.1; requires review for temporal/agricultural plausibility.",WS10M,False,"Among screened candidates: lowest FDR/p-value lag per original NASA parameter, capped at 7; not a final predictor decision."
T2M_Oct_Dec_Mean,3,T2M_Oct_Dec_Mean(t-3) -> Coconut_Productivity_DeclaredMillionUnit_per_Hectare(t),38,previous-year information,0.09525044357985483,0.5694614380755163,0.1390742969690338,0.4049965248466718,0.7765383246484314,False,"Lag > 0, paired n >= 30, and Benjamini-Hochberg FDR-adjusted Pearson p < 0.1; requires review for temporal/agricultural plausibility.",T2M,False,"Among screened candidates: lowest FDR/p-value lag per original NASA parameter, capped at 7; not a final predictor decision."
T2M_MIN_Oct_Dec_Mean,1,T2M_MIN_Oct_Dec_Mean(t-1) -> Coconut_Productivity_DeclaredMillionUnit_per_Hectare(t),40,previous-year information,0.08491102616571071,0.602410055909951,0.10018761726078801,0.5384886063706018,0.810936613724934,False,"Lag > 0, paired n >= 30, and Benjamini-Hochberg FDR-adjusted Pearson p < 0.1; requires review for temporal/agricultural plausibility.",T2M_MIN,False,"Among screened candidates: lowest FDR/p-value lag per original NASA parameter, capped at 7; not a final predictor decision."
T2M_MIN_Oct_Dec_Mean,3,T2M_MIN_Oct_Dec_Mean(t-3) -> Coconut_Productivity_DeclaredMillionUnit_per_Hectare(t),38,previous-year information,0.08328956916864476,0.6190864843948604,0.13491629281102963,0.41932096331098967,0.8228364666007638,False,"Lag > 0, paired n >= 30, and Benjamini-Hochberg FDR-adjusted Pearson p < 0.1; requires review for temporal/agricultural plausibility.",T2M_MIN,False,"Among screened candidates: lowest FDR/p-value lag per original NASA parameter, capped at 7; not a final predictor decision."
PRECTOTCORR_Jan_Feb_Total,3,PRECTOTCORR_Jan_Feb_Total(t-3) -> Coconut_Productivity_DeclaredMillionUnit_per_Hectare(t),38,previous-year information,-0.0691638650370476,0.6798945690959978,0.20783627508956223,0.21052724046170784,0.8923616219384971,False,"Lag > 0, paired n >= 30, and Benjamini-Hochberg FDR-adjusted Pearson p < 0.1; requires review for temporal/agricultural plausibility.",PRECTOTCORR,False,"Among screened candidates: lowest FDR/p-value lag per original NASA parameter, capped at 7; not a final predictor decision."
T2M_MIN_Jan_Feb_Mean,1,T2M_MIN_Jan_Feb_Mean(t-1) -> Coconut_Productivity_DeclaredMillionUnit_per_Hectare(t),40,previous-year information,0.06285890621182656,0.6999932083562478,0.12363977485928707,0.4471984449005708,0.8975530335848152,False,"Lag > 0, paired n >= 30, and Benjamini-Hochberg FDR-adjusted Pearson p < 0.1; requires review for temporal/agricultural plausibility.",T2M_MIN,False,"Among screened candidates: lowest FDR/p-value lag per original NASA parameter, capped at 7; not a final predictor decision."
T2M_MAX_Mar_May_Mean,1,T2M_MAX_Mar_May_Mean(t-1) -> Coconut_Productivity_DeclaredMillionUnit_per_Hectare(t),40,previous-year information,-0.06264951888115955,0.7009461786090938,-0.0727954971857411,0.6553134064437389,0.8975530335848152,False,"Lag > 0, paired n >= 30, and Benjamini-Hochberg FDR-adjusted Pearson p < 0.1; requires review for temporal/agricultural plausibility.",T2M_MAX,False,"Among screened candidates: lowest FDR/p-value lag per original NASA parameter, capped at 7; not a final predictor decision."
RH2M_Jan_Feb_Mean,1,RH2M_Jan_Feb_Mean(t-1) -> Coconut_Productivity_DeclaredMillionUnit_per_Hectare(t),40,previous-year information,0.060336331885841844,0.7115038093813925,0.01125703564727955,0.9450371919170555,0.9000951805427254,False,"Lag > 0, paired n >= 30, and Benjamini-Hochberg FDR-adjusted Pearson p < 0.1; requires review for temporal/agricultural plausibility.",RH2M,False,"Among screened candidates: lowest FDR/p-value lag per original NASA parameter, capped at 7; not a final predictor decision."
T2M_MAX_Oct_Dec_Mean,2,T2M_MAX_Oct_Dec_Mean(t-2) -> Coconut_Productivity_DeclaredMillionUnit_per_Hectare(t),39,previous-year information,-0.05604924496488309,0.7346807685011221,-0.08036437246963564,0.6267300295763523,0.9092991084166967,False,"Lag > 0, paired n >= 30, and Benjamini-Hochberg FDR-adjusted Pearson p < 0.1; requires review for temporal/agricultural plausibility.",T2M_MAX,False,"Among screened candidates: lowest FDR/p-value lag per original NASA parameter, capped at 7; not a final predictor decision."
RH2M_Jan_Feb_Mean,3,RH2M_Jan_Feb_Mean(t-3) -> Coconut_Productivity_DeclaredMillionUnit_per_Hectare(t),38,previous-year information,0.05449592214494535,0.7452150810183511,0.048911259437575225,0.7705834176371482,0.9092991084166967,False,"Lag > 0, paired n >= 30, and Benjamini-Hochberg FDR-adjusted Pearson p < 0.1; requires review for temporal/agricultural plausibility.",RH2M,False,"Among screened candidates: lowest FDR/p-value lag per original NASA parameter, capped at 7; not a final predictor decision."
T2M_Jan_Feb_Mean,3,T2M_Jan_Feb_Mean(t-3) -> Coconut_Productivity_DeclaredMillionUnit_per_Hectare(t),38,previous-year information,0.053001561721143016,0.7519785583126087,0.06226064120800962,0.7103842423289753,0.9092991084166967,False,"Lag > 0, paired n >= 30, and Benjamini-Hochberg FDR-adjusted Pearson p < 0.1; requires review for temporal/agricultural plausibility.",T2M,False,"Among screened candidates: lowest FDR/p-value lag per original NASA parameter, capped at 7; not a final predictor decision."
T2M_MAX_Mar_May_Mean,2,T2M_MAX_Mar_May_Mean(t-2) -> Coconut_Productivity_DeclaredMillionUnit_per_Hectare(t),39,previous-year information,-0.05195819403085241,0.7534192612595487,-0.07732793522267206,0.6398541750304048,0.9092991084166967,False,"Lag > 0, paired n >= 30, and Benjamini-Hochberg FDR-adjusted Pearson p < 0.1; requires review for temporal/agricultural plausibility.",T2M_MAX,False,"Among screened candidates: lowest FDR/p-value lag per original NASA parameter, capped at 7; not a final predictor decision."
PRECTOTCORR_Jun_Sep_Total,2,PRECTOTCORR_Jun_Sep_Total(t-2) -> Coconut_Productivity_DeclaredMillionUnit_per_Hectare(t),39,previous-year information,-0.04437990148751896,0.788493622071677,0.04777327935222673,0.772732772984832,0.9408162536082508,False,"Lag > 0, paired n >= 30, and Benjamini-Hochberg FDR-adjusted Pearson p < 0.1; requires review for temporal/agricultural plausibility.",PRECTOTCORR,False,"Among screened candidates: lowest FDR/p-value lag per original NASA parameter, capped at 7; not a final predictor decision."
WS10M_Oct_Dec_Mean,3,WS10M_Oct_Dec_Mean(t-3) -> Coconut_Productivity_DeclaredMillionUnit_per_Hectare(t),38,previous-year information,0.037070304210852584,0.8251244377121634,-0.005799321588795273,0.9724342257950618,0.9437403867515773,False,"Lag > 0, paired n >= 30, and Benjamini-Hochberg FDR-adjusted Pearson p < 0.1; requires review for temporal/agricultural plausibility.",WS10M,False,"Among screened candidates: lowest FDR/p-value lag per original NASA parameter, capped at 7; not a final predictor decision."
T2M_MAX_Jan_Feb_Mean,1,T2M_MAX_Jan_Feb_Mean(t-1) -> Coconut_Productivity_DeclaredMillionUnit_per_Hectare(t),40,previous-year information,0.035336515557682496,0.8286226204693468,0.0016885553470919327,0.9917494507778776,0.9437403867515773,False,"Lag > 0, paired n >= 30, and Benjamini-Hochberg FDR-adjusted Pearson p < 0.1; requires review for temporal/agricultural plausibility.",T2M_MAX,False,"Among screened candidates: lowest FDR/p-value lag per original NASA parameter, capped at 7; not a final predictor decision."
T2M_Oct_Dec_Mean,1,T2M_Oct_Dec_Mean(t-1) -> Coconut_Productivity_DeclaredMillionUnit_per_Hectare(t),40,previous-year information,0.033865465825961116,0.8356571699285559,0.07148217636022515,0.6611553498400564,0.9437403867515773,False,"Lag > 0, paired n >= 30, and Benjamini-Hochberg FDR-adjusted Pearson p < 0.1; requires review for temporal/agricultural plausibility.",T2M,False,"Among screened candidates: lowest FDR/p-value lag per original NASA parameter, capped at 7; not a final predictor decision."
T2M_MAX_Annual_Mean,3,T2M_MAX_Annual_Mean(t-3) -> Coconut_Productivity_DeclaredMillionUnit_per_Hectare(t),38,previous-year information,-0.0340226361765799,0.8393053192033267,-0.05241273662326294,0.7546486306568404,0.9437403867515773,False,"Lag > 0, paired n >= 30, and Benjamini-Hochberg FDR-adjusted Pearson p < 0.1; requires review for temporal/agricultural plausibility.",T2M_MAX,False,"Among screened candidates: lowest FDR/p-value lag per original NASA parameter, capped at 7; not a final predictor decision."
PRECTOTCORR_Jun_Sep_Total,3,PRECTOTCORR_Jun_Sep_Total(t-3) -> Coconut_Productivity_DeclaredMillionUnit_per_Hectare(t),38,previous-year information,-0.032676979724056365,0.8455829080389828,-0.022869022869022867,0.8915979206242748,0.9437403867515773,False,"Lag > 0, paired n >= 30, and Benjamini-Hochberg FDR-adjusted Pearson p < 0.1; requires review for temporal/agricultural plausibility.",PRECTOTCORR,False,"Among screened candidates: lowest FDR/p-value lag per original NASA parameter, capped at 7; not a final predictor decision."
T2M_MIN_Mar_May_Mean,3,T2M_MIN_Mar_May_Mean(t-3) -> Coconut_Productivity_DeclaredMillionUnit_per_Hectare(t),38,previous-year information,0.030571583759990056,0.8554234610529992,0.11346974504869242,0.4975787738215024,0.9437403867515773,False,"Lag > 0, paired n >= 30, and Benjamini-Hochberg FDR-adjusted Pearson p < 0.1; requires review for temporal/agricultural plausibility.",T2M_MIN,False,"Among screened candidates: lowest FDR/p-value lag per original NASA parameter, capped at 7; not a final predictor decision."
WS10M_Oct_Dec_Mean,1,WS10M_Oct_Dec_Mean(t-1) -> Coconut_Productivity_DeclaredMillionUnit_per_Hectare(t),40,previous-year information,0.029090107093749488,0.858577295974875,0.00075046904315197,0.9963330388949384,0.9437403867515773,False,"Lag > 0, paired n >= 30, and Benjamini-Hochberg FDR-adjusted Pearson p < 0.1; requires review for temporal/agricultural plausibility.",WS10M,False,"Among screened candidates: lowest FDR/p-value lag per original NASA parameter, capped at 7; not a final predictor decision."
T2M_MAX_Annual_Mean,1,T2M_MAX_Annual_Mean(t-1) -> Coconut_Productivity_DeclaredMillionUnit_per_Hectare(t),40,previous-year information,0.0282029947012577,0.8628483536014421,-0.030956848030018764,0.84960286187096,0.9437403867515773,False,"Lag > 0, paired n >= 30, and Benjamini-Hochberg FDR-adjusted Pearson p < 0.1; requires review for temporal/agricultural plausibility.",T2M_MAX,False,"Among screened candidates: lowest FDR/p-value lag per original NASA parameter, capped at 7; not a final predictor decision."
WS10M_Jan_Feb_Mean,2,WS10M_Jan_Feb_Mean(t-2) -> Coconut_Productivity_DeclaredMillionUnit_per_Hectare(t),39,previous-year information,-0.024367980091165562,0.8829358582217374,-0.09817813765182186,0.5521018684837866,0.9474205998099083,False,"Lag > 0, paired n >= 30, and Benjamini-Hochberg FDR-adjusted Pearson p < 0.1; requires review for temporal/agricultural plausibility.",WS10M,False,"Among screened candidates: lowest FDR/p-value lag per original NASA parameter, capped at 7; not a final predictor decision."
PRECTOTCORR_Jun_Sep_Total,1,PRECTOTCORR_Jun_Sep_Total(t-1) -> Coconut_Productivity_DeclaredMillionUnit_per_Hectare(t),40,previous-year information,0.02236792935508624,0.891032142416563,0.04859287054409006,0.7658872246934965,0.9474205998099083,False,"Lag > 0, paired n >= 30, and Benjamini-Hochberg FDR-adjusted Pearson p < 0.1; requires review for temporal/agricultural plausibility.",PRECTOTCORR,False,"Among screened candidates: lowest FDR/p-value lag per original NASA parameter, capped at 7; not a final predictor decision."
T2M_MIN_Jan_Feb_Mean,2,T2M_MIN_Jan_Feb_Mean(t-2) -> Coconut_Productivity_DeclaredMillionUnit_per_Hectare(t),39,previous-year information,-0.022201234359963032,0.8932822798207707,0.014170040485829961,0.9317709257586421,0.9474205998099083,False,"Lag > 0, paired n >= 30, and Benjamini-Hochberg FDR-adjusted Pearson p < 0.1; requires review for temporal/agricultural plausibility.",T2M_MIN,False,"Among screened candidates: lowest FDR/p-value lag per original NASA parameter, capped at 7; not a final predictor decision."
T2M_MAX_Jan_Feb_Mean,2,T2M_MAX_Jan_Feb_Mean(t-2) -> Coconut_Productivity_DeclaredMillionUnit_per_Hectare(t),39,previous-year information,0.020211691236084104,0.9027979434087118,-0.0066801619433198385,0.9678055649614998,0.9479378405791474,False,"Lag > 0, paired n >= 30, and Benjamini-Hochberg FDR-adjusted Pearson p < 0.1; requires review for temporal/agricultural plausibility.",T2M_MAX,False,"Among screened candidates: lowest FDR/p-value lag per original NASA parameter, capped at 7; not a final predictor decision."
RH2M_Jan_Feb_Mean,2,RH2M_Jan_Feb_Mean(t-2) -> Coconut_Productivity_DeclaredMillionUnit_per_Hectare(t),39,previous-year information,-0.017861214406553763,0.9140570694718414,0.005668016194331983,0.9726815183689318,0.9502573494509242,False,"Lag > 0, paired n >= 30, and Benjamini-Hochberg FDR-adjusted Pearson p < 0.1; requires review for temporal/agricultural plausibility.",RH2M,False,"Among screened candidates: lowest FDR/p-value lag per original NASA parameter, capped at 7; not a final predictor decision."
T2M_Mar_May_Mean,2,T2M_Mar_May_Mean(t-2) -> Coconut_Productivity_DeclaredMillionUnit_per_Hectare(t),39,previous-year information,0.015258078472571629,0.926545706323176,0.013157894736842106,0.9366342156425476,0.9537970506267989,False,"Lag > 0, paired n >= 30, and Benjamini-Hochberg FDR-adjusted Pearson p < 0.1; requires review for temporal/agricultural plausibility.",T2M,False,"Among screened candidates: lowest FDR/p-value lag per original NASA parameter, capped at 7; not a final predictor decision."
WS10M_Jan_Feb_Mean,1,WS10M_Jan_Feb_Mean(t-1) -> Coconut_Productivity_DeclaredMillionUnit_per_Hectare(t),40,previous-year information,0.007450538545971356,0.963606986039194,-0.010881801125703567,0.9468666385944238,0.982317801302091,False,"Lag > 0, paired n >= 30, and Benjamini-Hochberg FDR-adjusted Pearson p < 0.1; requires review for temporal/agricultural plausibility.",WS10M,False,"Among screened candidates: lowest FDR/p-value lag per original NASA parameter, capped at 7; not a final predictor decision."
T2M_MAX_Jan_Feb_Mean,3,T2M_MAX_Jan_Feb_Mean(t-3) -> Coconut_Productivity_DeclaredMillionUnit_per_Hectare(t),38,previous-year information,0.005616616233863259,0.9733023592090336,-0.016960280118174857,0.9194989997241863,0.9826610357398897,False,"Lag > 0, paired n >= 30, and Benjamini-Hochberg FDR-adjusted Pearson p < 0.1; requires review for temporal/agricultural plausibility.",T2M_MAX,False,"Among screened candidates: lowest FDR/p-value lag per original NASA parameter, capped at 7; not a final predictor decision."
T2M_Mar_May_Mean,1,T2M_Mar_May_Mean(t-1) -> Coconut_Productivity_DeclaredMillionUnit_per_Hectare(t),40,previous-year information,7.367427775022833e-05,0.9996400096478939,-0.006941838649155724,0.9660903000544174,0.9996400096478939,False,"Lag > 0, paired n >= 30, and Benjamini-Hochberg FDR-adjusted Pearson p < 0.1; requires review for temporal/agricultural plausibility.",T2M,False,"Among screened candidates: lowest FDR/p-value lag per original NASA parameter, capped at 7; not a final predictor decision."
WS10M_Mar_May_Mean,0,WS10M_Mar_May_Mean(t-0) -> Coconut_Productivity_DeclaredMillionUnit_per_Hectare(t),41,contemporaneous; excluded from default dynamic dataset,-0.5938712529207617,4.2559991693071497e-05,-0.5825783972125437,6.433008241585825e-05,,False,"Lag > 0, paired n >= 30, and Benjamini-Hochberg FDR-adjusted Pearson p < 0.1; requires review for temporal/agricultural plausibility.",WS10M,False,"Among screened candidates: lowest FDR/p-value lag per original NASA parameter, capped at 7; not a final predictor decision."
RH2M_Mar_May_Mean,0,RH2M_Mar_May_Mean(t-0) -> Coconut_Productivity_DeclaredMillionUnit_per_Hectare(t),41,contemporaneous; excluded from default dynamic dataset,0.567239484532423,0.00011008574981753054,0.5297909407665506,0.0003677568079479565,,False,"Lag > 0, paired n >= 30, and Benjamini-Hochberg FDR-adjusted Pearson p < 0.1; requires review for temporal/agricultural plausibility.",RH2M,False,"Among screened candidates: lowest FDR/p-value lag per original NASA parameter, capped at 7; not a final predictor decision."
T2M_Jun_Sep_Mean,0,T2M_Jun_Sep_Mean(t-0) -> Coconut_Productivity_DeclaredMillionUnit_per_Hectare(t),41,contemporaneous; excluded from default dynamic dataset,0.5547876518668524,0.00016704581990888864,0.5564459930313591,0.00015817188911590395,,False,"Lag > 0, paired n >= 30, and Benjamini-Hochberg FDR-adjusted Pearson p < 0.1; requires review for temporal/agricultural plausibility.",T2M,False,"Among screened candidates: lowest FDR/p-value lag per original NASA parameter, capped at 7; not a final predictor decision."
WS10M_Annual_Mean,0,WS10M_Annual_Mean(t-0) -> Coconut_Productivity_DeclaredMillionUnit_per_Hectare(t),41,contemporaneous; excluded from default dynamic dataset,-0.5273439829494091,0.00039599989627185926,-0.5618466898954705,0.00013214532283990316,,False,"Lag > 0, paired n >= 30, and Benjamini-Hochberg FDR-adjusted Pearson p < 0.1; requires review for temporal/agricultural plausibility.",WS10M,False,"Among screened candidates: lowest FDR/p-value lag per original NASA parameter, capped at 7; not a final predictor decision."
RH2M_Annual_Mean,0,RH2M_Annual_Mean(t-0) -> Coconut_Productivity_DeclaredMillionUnit_per_Hectare(t),41,contemporaneous; excluded from default dynamic dataset,0.5251658351229069,0.00042276129546319044,0.4414634146341464,0.0038599587087297135,,False,"Lag > 0, paired n >= 30, and Benjamini-Hochberg FDR-adjusted Pearson p < 0.1; requires review for temporal/agricultural plausibility.",RH2M,False,"Among screened candidates: lowest FDR/p-value lag per original NASA parameter, capped at 7; not a final predictor decision."
PRECTOTCORR_Mar_May_Total,0,PRECTOTCORR_Mar_May_Total(t-0) -> Coconut_Productivity_DeclaredMillionUnit_per_Hectare(t),41,contemporaneous; excluded from default dynamic dataset,0.4755707463615735,0.0016754292511285762,0.46045296167247396,0.0024509344223574703,,False,"Lag > 0, paired n >= 30, and Benjamini-Hochberg FDR-adjusted Pearson p < 0.1; requires review for temporal/agricultural plausibility.",PRECTOTCORR,False,"Among screened candidates: lowest FDR/p-value lag per original NASA parameter, capped at 7; not a final predictor decision."
WS10M_Jun_Sep_Mean,0,WS10M_Jun_Sep_Mean(t-0) -> Coconut_Productivity_DeclaredMillionUnit_per_Hectare(t),41,contemporaneous; excluded from default dynamic dataset,-0.47242947980984284,0.001815810797117257,-0.5003484320557492,0.0008641871780020626,,False,"Lag > 0, paired n >= 30, and Benjamini-Hochberg FDR-adjusted Pearson p < 0.1; requires review for temporal/agricultural plausibility.",WS10M,False,"Among screened candidates: lowest FDR/p-value lag per original NASA parameter, capped at 7; not a final predictor decision."
ALLSKY_SFC_SW_DWN_Annual_Total,0,ALLSKY_SFC_SW_DWN_Annual_Total(t-0) -> Coconut_Productivity_DeclaredMillionUnit_per_Hectare(t),38,contemporaneous; excluded from default dynamic dataset,-0.47315162193676236,0.0026988677725116247,-0.42094321041689464,0.008495284881121914,,False,"Lag > 0, paired n >= 30, and Benjamini-Hochberg FDR-adjusted Pearson p < 0.1; requires review for temporal/agricultural plausibility.",ALLSKY_SFC_SW_DWN,False,"Among screened candidates: lowest FDR/p-value lag per original NASA parameter, capped at 7; not a final predictor decision."
ALLSKY_SFC_SW_DWN_Oct_Dec_Total,0,ALLSKY_SFC_SW_DWN_Oct_Dec_Total(t-0) -> Coconut_Productivity_DeclaredMillionUnit_per_Hectare(t),38,contemporaneous; excluded from default dynamic dataset,-0.46574017348148533,0.003210954155533088,-0.45179997811576755,0.004407007902814156,,False,"Lag > 0, paired n >= 30, and Benjamini-Hochberg FDR-adjusted Pearson p < 0.1; requires review for temporal/agricultural plausibility.",ALLSKY_SFC_SW_DWN,False,"Among screened candidates: lowest FDR/p-value lag per original NASA parameter, capped at 7; not a final predictor decision."
ALLSKY_SFC_SW_DWN_Mar_May_Total,0,ALLSKY_SFC_SW_DWN_Mar_May_Total(t-0) -> Coconut_Productivity_DeclaredMillionUnit_per_Hectare(t),38,contemporaneous; excluded from default dynamic dataset,-0.46262235827718345,0.0034505074138523073,-0.5290513185250026,0.0006377695456014922,,False,"Lag > 0, paired n >= 30, and Benjamini-Hochberg FDR-adjusted Pearson p < 0.1; requires review for temporal/agricultural plausibility.",ALLSKY_SFC_SW_DWN,False,"Among screened candidates: lowest FDR/p-value lag per original NASA parameter, capped at 7; not a final predictor decision."
T2M_MIN_Jun_Sep_Mean,0,T2M_MIN_Jun_Sep_Mean(t-0) -> Coconut_Productivity_DeclaredMillionUnit_per_Hectare(t),41,contemporaneous; excluded from default dynamic dataset,0.43120893030780766,0.004881702063859635,0.3486062717770036,0.025500995408255265,,False,"Lag > 0, paired n >= 30, and Benjamini-Hochberg FDR-adjusted Pearson p < 0.1; requires review for temporal/agricultural plausibility.",T2M_MIN,False,"Among screened candidates: lowest FDR/p-value lag per original NASA parameter, capped at 7; not a final predictor decision."
ALLSKY_SFC_SW_DWN_Jan_Feb_Total,0,ALLSKY_SFC_SW_DWN_Jan_Feb_Total(t-0) -> Coconut_Productivity_DeclaredMillionUnit_per_Hectare(t),38,contemporaneous; excluded from default dynamic dataset,0.43481173079080826,0.006371752634587992,0.43473027683554,0.0063827454107961284,,False,"Lag > 0, paired n >= 30, and Benjamini-Hochberg FDR-adjusted Pearson p < 0.1; requires review for temporal/agricultural plausibility.",ALLSKY_SFC_SW_DWN,False,"Among screened candidates: lowest FDR/p-value lag per original NASA parameter, capped at 7; not a final predictor decision."
PRECTOTCORR_Oct_Dec_Total,0,PRECTOTCORR_Oct_Dec_Total(t-0) -> Coconut_Productivity_DeclaredMillionUnit_per_Hectare(t),41,contemporaneous; excluded from default dynamic dataset,0.333294547228736,0.033218419887632696,0.27386759581881537,0.08315309637932411,,False,"Lag > 0, paired n >= 30, and Benjamini-Hochberg FDR-adjusted Pearson p < 0.1; requires review for temporal/agricultural plausibility.",PRECTOTCORR,False,"Among screened candidates: lowest FDR/p-value lag per original NASA parameter, capped at 7; not a final predictor decision."
RH2M_Jun_Sep_Mean,0,RH2M_Jun_Sep_Mean(t-0) -> Coconut_Productivity_DeclaredMillionUnit_per_Hectare(t),41,contemporaneous; excluded from default dynamic dataset,0.30440318180594456,0.0529838329637304,0.1982578397212544,0.21401916210617636,,False,"Lag > 0, paired n >= 30, and Benjamini-Hochberg FDR-adjusted Pearson p < 0.1; requires review for temporal/agricultural plausibility.",RH2M,False,"Among screened candidates: lowest FDR/p-value lag per original NASA parameter, capped at 7; not a final predictor decision."
PRECTOTCORR_Annual_Total,0,PRECTOTCORR_Annual_Total(t-0) -> Coconut_Productivity_DeclaredMillionUnit_per_Hectare(t),41,contemporaneous; excluded from default dynamic dataset,0.296125001431553,0.06012244974835803,0.2754355400696865,0.08133390398229978,,False,"Lag > 0, paired n >= 30, and Benjamini-Hochberg FDR-adjusted Pearson p < 0.1; requires review for temporal/agricultural plausibility.",PRECTOTCORR,False,"Among screened candidates: lowest FDR/p-value lag per original NASA parameter, capped at 7; not a final predictor decision."
T2M_MAX_Mar_May_Mean,0,T2M_MAX_Mar_May_Mean(t-0) -> Coconut_Productivity_DeclaredMillionUnit_per_Hectare(t),41,contemporaneous; excluded from default dynamic dataset,-0.2656017338341172,0.09327228669477189,-0.2695121951219513,0.08837280389373234,,False,"Lag > 0, paired n >= 30, and Benjamini-Hochberg FDR-adjusted Pearson p < 0.1; requires review for temporal/agricultural plausibility.",T2M_MAX,False,"Among screened candidates: lowest FDR/p-value lag per original NASA parameter, capped at 7; not a final predictor decision."
T2M_MAX_Jun_Sep_Mean,0,T2M_MAX_Jun_Sep_Mean(t-0) -> Coconut_Productivity_DeclaredMillionUnit_per_Hectare(t),41,contemporaneous; excluded from default dynamic dataset,0.26272121649100977,0.0970133303852425,0.22648083623693382,0.15447071309664903,,False,"Lag > 0, paired n >= 30, and Benjamini-Hochberg FDR-adjusted Pearson p < 0.1; requires review for temporal/agricultural plausibility.",T2M_MAX,False,"Among screened candidates: lowest FDR/p-value lag per original NASA parameter, capped at 7; not a final predictor decision."
T2M_MIN_Annual_Mean,0,T2M_MIN_Annual_Mean(t-0) -> Coconut_Productivity_DeclaredMillionUnit_per_Hectare(t),41,contemporaneous; excluded from default dynamic dataset,0.22590805717737325,0.15554399307859607,0.2550522648083624,0.10753553209125886,,False,"Lag > 0, paired n >= 30, and Benjamini-Hochberg FDR-adjusted Pearson p < 0.1; requires review for temporal/agricultural plausibility.",T2M_MIN,False,"Among screened candidates: lowest FDR/p-value lag per original NASA parameter, capped at 7; not a final predictor decision."
RH2M_Oct_Dec_Mean,0,RH2M_Oct_Dec_Mean(t-0) -> Coconut_Productivity_DeclaredMillionUnit_per_Hectare(t),41,contemporaneous; excluded from default dynamic dataset,0.20905646611419867,0.18959877752566284,0.17404181184668996,0.2764716544471114,,False,"Lag > 0, paired n >= 30, and Benjamini-Hochberg FDR-adjusted Pearson p < 0.1; requires review for temporal/agricultural plausibility.",RH2M,False,"Among screened candidates: lowest FDR/p-value lag per original NASA parameter, capped at 7; not a final predictor decision."
T2M_Mar_May_Mean,0,T2M_Mar_May_Mean(t-0) -> Coconut_Productivity_DeclaredMillionUnit_per_Hectare(t),41,contemporaneous; excluded from default dynamic dataset,-0.1972162022371714,0.2164849335504753,-0.19930313588850176,0.21156436669711057,,False,"Lag > 0, paired n >= 30, and Benjamini-Hochberg FDR-adjusted Pearson p < 0.1; requires review for temporal/agricultural plausibility.",T2M,False,"Among screened candidates: lowest FDR/p-value lag per original NASA parameter, capped at 7; not a final predictor decision."
RH2M_Jan_Feb_Mean,0,RH2M_Jan_Feb_Mean(t-0) -> Coconut_Productivity_DeclaredMillionUnit_per_Hectare(t),41,contemporaneous; excluded from default dynamic dataset,0.1835520630131897,0.2506581299612448,0.06027874564459932,0.7081240607262523,,False,"Lag > 0, paired n >= 30, and Benjamini-Hochberg FDR-adjusted Pearson p < 0.1; requires review for temporal/agricultural plausibility.",RH2M,False,"Among screened candidates: lowest FDR/p-value lag per original NASA parameter, capped at 7; not a final predictor decision."
T2M_Annual_Mean,0,T2M_Annual_Mean(t-0) -> Coconut_Productivity_DeclaredMillionUnit_per_Hectare(t),41,contemporaneous; excluded from default dynamic dataset,0.15085491408120058,0.3464622359833101,0.16550522648083626,0.30107502773688716,,False,"Lag > 0, paired n >= 30, and Benjamini-Hochberg FDR-adjusted Pearson p < 0.1; requires review for temporal/agricultural plausibility.",T2M,False,"Among screened candidates: lowest FDR/p-value lag per original NASA parameter, capped at 7; not a final predictor decision."
T2M_MIN_Oct_Dec_Mean,0,T2M_MIN_Oct_Dec_Mean(t-0) -> Coconut_Productivity_DeclaredMillionUnit_per_Hectare(t),41,contemporaneous; excluded from default dynamic dataset,0.14694771081966332,0.3592387252875996,0.19512195121951223,0.22150175189237625,,False,"Lag > 0, paired n >= 30, and Benjamini-Hochberg FDR-adjusted Pearson p < 0.1; requires review for temporal/agricultural plausibility.",T2M_MIN,False,"Among screened candidates: lowest FDR/p-value lag per original NASA parameter, capped at 7; not a final predictor decision."
T2M_MAX_Oct_Dec_Mean,0,T2M_MAX_Oct_Dec_Mean(t-0) -> Coconut_Productivity_DeclaredMillionUnit_per_Hectare(t),41,contemporaneous; excluded from default dynamic dataset,-0.14650939910055794,0.36068952282061917,-0.09878048780487808,0.5389186211321588,,False,"Lag > 0, paired n >= 30, and Benjamini-Hochberg FDR-adjusted Pearson p < 0.1; requires review for temporal/agricultural plausibility.",T2M_MAX,False,"Among screened candidates: lowest FDR/p-value lag per original NASA parameter, capped at 7; not a final predictor decision."
ALLSKY_SFC_SW_DWN_Jun_Sep_Total,0,ALLSKY_SFC_SW_DWN_Jun_Sep_Total(t-0) -> Coconut_Productivity_DeclaredMillionUnit_per_Hectare(t),38,contemporaneous; excluded from default dynamic dataset,-0.140948772052405,0.398631699884361,-0.030309661888609254,0.8566492141285317,,False,"Lag > 0, paired n >= 30, and Benjamini-Hochberg FDR-adjusted Pearson p < 0.1; requires review for temporal/agricultural plausibility.",ALLSKY_SFC_SW_DWN,False,"Among screened candidates: lowest FDR/p-value lag per original NASA parameter, capped at 7; not a final predictor decision."
T2M_MAX_Annual_Mean,0,T2M_MAX_Annual_Mean(t-0) -> Coconut_Productivity_DeclaredMillionUnit_per_Hectare(t),41,contemporaneous; excluded from default dynamic dataset,-0.13141623137592656,0.41277931861662076,-0.14111498257839725,0.3788328776052302,,False,"Lag > 0, paired n >= 30, and Benjamini-Hochberg FDR-adjusted Pearson p < 0.1; requires review for temporal/agricultural plausibility.",T2M_MAX,False,"Among screened candidates: lowest FDR/p-value lag per original NASA parameter, capped at 7; not a final predictor decision."
T2M_MAX_Jan_Feb_Mean,0,T2M_MAX_Jan_Feb_Mean(t-0) -> Coconut_Productivity_DeclaredMillionUnit_per_Hectare(t),41,contemporaneous; excluded from default dynamic dataset,-0.1271392614429506,0.4282820257805537,-0.10121951219512196,0.5288920284342866,,False,"Lag > 0, paired n >= 30, and Benjamini-Hochberg FDR-adjusted Pearson p < 0.1; requires review for temporal/agricultural plausibility.",T2M_MAX,False,"Among screened candidates: lowest FDR/p-value lag per original NASA parameter, capped at 7; not a final predictor decision."
T2M_Oct_Dec_Mean,0,T2M_Oct_Dec_Mean(t-0) -> Coconut_Productivity_DeclaredMillionUnit_per_Hectare(t),41,contemporaneous; excluded from default dynamic dataset,0.12573893429124036,0.4334276064726904,0.21376306620209062,0.17959782131000818,,False,"Lag > 0, paired n >= 30, and Benjamini-Hochberg FDR-adjusted Pearson p < 0.1; requires review for temporal/agricultural plausibility.",T2M,False,"Among screened candidates: lowest FDR/p-value lag per original NASA parameter, capped at 7; not a final predictor decision."
PRECTOTCORR_Jan_Feb_Total,0,PRECTOTCORR_Jan_Feb_Total(t-0) -> Coconut_Productivity_DeclaredMillionUnit_per_Hectare(t),41,contemporaneous; excluded from default dynamic dataset,0.09470342063062237,0.5558807575101692,0.2155427807595008,0.17591613743199308,,False,"Lag > 0, paired n >= 30, and Benjamini-Hochberg FDR-adjusted Pearson p < 0.1; requires review for temporal/agricultural plausibility.",PRECTOTCORR,False,"Among screened candidates: lowest FDR/p-value lag per original NASA parameter, capped at 7; not a final predictor decision."
WS10M_Jan_Feb_Mean,0,WS10M_Jan_Feb_Mean(t-0) -> Coconut_Productivity_DeclaredMillionUnit_per_Hectare(t),41,contemporaneous; excluded from default dynamic dataset,-0.09458863863601916,0.5563618921778489,-0.07665505226480837,0.6338217571863698,,False,"Lag > 0, paired n >= 30, and Benjamini-Hochberg FDR-adjusted Pearson p < 0.1; requires review for temporal/agricultural plausibility.",WS10M,False,"Among screened candidates: lowest FDR/p-value lag per original NASA parameter, capped at 7; not a final predictor decision."
WS10M_Oct_Dec_Mean,0,WS10M_Oct_Dec_Mean(t-0) -> Coconut_Productivity_DeclaredMillionUnit_per_Hectare(t),41,contemporaneous; excluded from default dynamic dataset,-0.055398464339056916,0.7308329941234485,-0.1304878048780488,0.4161171379956006,,False,"Lag > 0, paired n >= 30, and Benjamini-Hochberg FDR-adjusted Pearson p < 0.1; requires review for temporal/agricultural plausibility.",WS10M,False,"Among screened candidates: lowest FDR/p-value lag per original NASA parameter, capped at 7; not a final predictor decision."
T2M_Jan_Feb_Mean,0,T2M_Jan_Feb_Mean(t-0) -> Coconut_Productivity_DeclaredMillionUnit_per_Hectare(t),41,contemporaneous; excluded from default dynamic dataset,-0.014274811901319906,0.9294148017476058,0.02735191637630663,0.8652042682019494,,False,"Lag > 0, paired n >= 30, and Benjamini-Hochberg FDR-adjusted Pearson p < 0.1; requires review for temporal/agricultural plausibility.",T2M,False,"Among screened candidates: lowest FDR/p-value lag per original NASA parameter, capped at 7; not a final predictor decision."
PRECTOTCORR_Jun_Sep_Total,0,PRECTOTCORR_Jun_Sep_Total(t-0) -> Coconut_Productivity_DeclaredMillionUnit_per_Hectare(t),41,contemporaneous; excluded from default dynamic dataset,0.0024755381061732536,0.9877441924019171,0.029268292682926838,0.855856127398851,,False,"Lag > 0, paired n >= 30, and Benjamini-Hochberg FDR-adjusted Pearson p < 0.1; requires review for temporal/agricultural plausibility.",PRECTOTCORR,False,"Among screened candidates: lowest FDR/p-value lag per original NASA parameter, capped at 7; not a final predictor decision."
T2M_MIN_Mar_May_Mean,0,T2M_MIN_Mar_May_Mean(t-0) -> Coconut_Productivity_DeclaredMillionUnit_per_Hectare(t),41,contemporaneous; excluded from default dynamic dataset,0.0018632312091084857,0.9907754288838925,0.019860627177700353,0.9019096664940704,,False,"Lag > 0, paired n >= 30, and Benjamini-Hochberg FDR-adjusted Pearson p < 0.1; requires review for temporal/agricultural plausibility.",T2M_MIN,False,"Among screened candidates: lowest FDR/p-value lag per original NASA parameter, capped at 7; not a final predictor decision."
T2M_MIN_Jan_Feb_Mean,0,T2M_MIN_Jan_Feb_Mean(t-0) -> Coconut_Productivity_DeclaredMillionUnit_per_Hectare(t),41,contemporaneous; excluded from default dynamic dataset,-0.0011410073694830465,0.9943509724393904,0.01428571428571429,0.9293610278368879,,False,"Lag > 0, paired n >= 30, and Benjamini-Hochberg FDR-adjusted Pearson p < 0.1; requires review for temporal/agricultural plausibility.",T2M_MIN,False,"Among screened candidates: lowest FDR/p-value lag per original NASA parameter, capped at 7; not a final predictor decision."
