Lag_Years,ACF,ACF_CI_Lower,ACF_CI_Upper,PACF,PACF_CI_Lower,PACF_CI_Upper,ACF_Significant,PACF_Significant,Candidate_Yield_Lag
0,1.0,1.0,1.0,1.0,1.0,1.0,False,False,False
1,0.869062495406704,0.562967546774902,1.175157444038506,0.8690624954067038,0.5629675467749018,1.1751574440385057,True,True,True
2,0.8176718427625125,0.3326741531707204,1.3026695323543045,0.2549835540451282,-0.0511113945866738,0.5610785026769302,True,False,False
3,0.7659991576896789,0.16557585507797734,1.3664224603013804,0.06550124092583831,-0.24059370770596367,0.3715961895576403,True,False,False
4,0.71360950657324,0.027709315716769378,1.3995096974297105,-0.0012969952418577962,-0.30739194387365976,0.3047979533899442,True,False,False
5,0.6177514983908033,-0.13450137187833988,1.3700043686599466,-0.21318412929271033,-0.5192790779245123,0.09291081933909165,False,False,False
6,0.5482400569970928,-0.2501300957541378,1.3466102097483232,-0.057345759334065355,-0.36344070796586736,0.24874918929773662,False,False,False
7,0.45982385303061296,-0.3730732897668873,1.2927209958281132,-0.11905486701165041,-0.4251498156434524,0.18704008162015157,False,False,False
8,0.38148832961296014,-0.4748636071591252,1.2378402663850454,-0.0491060449856911,-0.3552009936174931,0.2569889036461109,False,False,False
